{
  "summary_statistics": {
    "endusers": {
      "count": 9,
      "mean": 78.88888888888889,
      "std": 14.421723583230651,
      "median": 82.5,
      "min": 60.0,
      "max": 95.0,
      "scores": [
        60.0,
        82.5,
        65.0,
        70.0,
        62.5,
        95.0,
        90.0,
        92.5,
        92.5
      ]
    },
    "technicians": {
      "count": 8,
      "mean": 82.5,
      "std": 7.44023809142845,
      "median": 83.75,
      "min": 67.5,
      "max": 92.5,
      "scores": [
        85.0,
        85.0,
        87.5,
        67.5,
        77.5,
        82.5,
        82.5,
        92.5
      ]
    }
  },
  "benchmarking": {
    "participants_below_average": 4,
    "participants_above_average": 2,
    "participants_excellent": 11
  },
  "metadata": {
    "analysis_date": "2025-10-22T15:00:56.175772",
    "benchmark_thresholds": {
      "below_average": "< 68",
      "above_average": "68-80.3",
      "excellent": ">= 80.3"
    }
  }
}