{
  "summary_statistics": {
    "endusers": {
      "count": 5,
      "mean": 68.0,
      "std": 8.90926484060273,
      "median": 65.0,
      "min": 60.0,
      "max": 82.5,
      "scores": [
        60.0,
        82.5,
        65.0,
        70.0,
        62.5
      ]
    },
    "technicians": {
      "count": 3,
      "mean": 85.83333333333333,
      "std": 1.4433756729740645,
      "median": 85.0,
      "min": 85.0,
      "max": 87.5,
      "scores": [
        85.0,
        85.0,
        87.5
      ]
    }
  },
  "subscales_summary": {
    "endusers": {
      "usability": {
        "count": 5,
        "mean": 65.625,
        "std": 10.59739059863323,
        "median": 65.625,
        "min": 53.125,
        "max": 81.25
      },
      "learnability": {
        "count": 5,
        "mean": 77.5,
        "std": 22.360679774997898,
        "median": 87.5,
        "min": 37.5,
        "max": 87.5
      }
    },
    "technicians": {
      "usability": {
        "count": 3,
        "mean": 85.41666666666667,
        "std": 1.8042195912175805,
        "median": 84.375,
        "min": 84.375,
        "max": 87.5
      },
      "learnability": {
        "count": 3,
        "mean": 87.5,
        "std": 0.0,
        "median": 87.5,
        "min": 87.5,
        "max": 87.5
      }
    }
  },
  "benchmarking": {
    "participants_below_average": 3,
    "participants_above_average": 1,
    "participants_excellent": 4
  },
  "metadata": {
    "analysis_date": "2025-10-03T21:23:24.595100",
    "benchmark_thresholds": {
      "below_average": "< 68",
      "above_average": "68-80.3",
      "excellent": ">= 80.3"
    }
  }
}