{
  "summary_statistics": {
    "endusers": {
      "count": 7,
      "mean": 75.0,
      "std": 14.068285846778442,
      "median": 70.0,
      "min": 60.0,
      "max": 95.0,
      "scores": [
        60.0,
        82.5,
        65.0,
        70.0,
        62.5,
        95.0,
        90.0
      ]
    },
    "technicians": {
      "count": 6,
      "mean": 80.83333333333333,
      "std": 7.359800721939872,
      "median": 83.75,
      "min": 67.5,
      "max": 87.5,
      "scores": [
        85.0,
        85.0,
        87.5,
        67.5,
        77.5,
        82.5
      ]
    }
  },
  "subscales_summary": {
    "endusers": {
      "usability": {
        "count": 7,
        "mean": 72.76785714285714,
        "std": 15.064346112909242,
        "median": 68.75,
        "min": 53.125,
        "max": 93.75
      },
      "learnability": {
        "count": 7,
        "mean": 83.92857142857143,
        "std": 21.304202581158666,
        "median": 87.5,
        "min": 37.5,
        "max": 100.0
      }
    },
    "technicians": {
      "usability": {
        "count": 6,
        "mean": 83.33333333333333,
        "std": 7.569125885243729,
        "median": 84.375,
        "min": 68.75,
        "max": 90.625
      },
      "learnability": {
        "count": 6,
        "mean": 70.83333333333333,
        "std": 18.819316317727022,
        "median": 75.0,
        "min": 50.0,
        "max": 87.5
      }
    }
  },
  "benchmarking": {
    "participants_below_average": 4,
    "participants_above_average": 2,
    "participants_excellent": 7
  },
  "metadata": {
    "analysis_date": "2025-10-06T18:57:31.155824",
    "benchmark_thresholds": {
      "below_average": "< 68",
      "above_average": "68-80.3",
      "excellent": ">= 80.3"
    }
  }
}