{
  "summary_statistics": {
    "end_user": {
      "count": 9,
      "mean": 78.88888888888889,
      "std": 14.421723583230651,
      "median": 82.5,
      "min": 60.0,
      "max": 95.0,
      "ci_95_lower": 67.80337081565511,
      "ci_95_upper": 89.97440696212266,
      "scores": [
        60.0,
        82.5,
        65.0,
        70.0,
        62.5,
        95.0,
        90.0,
        92.5,
        92.5
      ]
    },
    "technician": {
      "count": 9,
      "mean": 81.94444444444444,
      "std": 7.156485015549029,
      "median": 82.5,
      "min": 67.5,
      "max": 92.5,
      "ci_95_lower": 76.44348309798355,
      "ci_95_upper": 87.44540579090534,
      "scores": [
        85.0,
        85.0,
        87.5,
        67.5,
        77.5,
        82.5,
        82.5,
        92.5,
        77.5
      ]
    }
  },
  "benchmarking": {
    "participants_below_average": 4,
    "participants_above_average": 3,
    "participants_excellent": 11
  },
  "metadata": {
    "analysis_date": "2025-10-24T17:42:46.753415",
    "benchmark_thresholds": {
      "below_average": "< 68",
      "above_average": "68-80.3",
      "excellent": ">= 80.3"
    }
  }
}