{
  "summary_statistics": {
    "endusers": {
      "count": 8,
      "mean": 77.1875,
      "std": 14.419573750387254,
      "median": 76.25,
      "min": 60.0,
      "max": 95.0,
      "scores": [
        60.0,
        82.5,
        65.0,
        70.0,
        62.5,
        95.0,
        90.0,
        92.5
      ]
    },
    "technicians": {
      "count": 7,
      "mean": 81.07142857142857,
      "std": 6.74801558131828,
      "median": 82.5,
      "min": 67.5,
      "max": 87.5,
      "scores": [
        85.0,
        85.0,
        87.5,
        67.5,
        77.5,
        82.5,
        82.5
      ]
    }
  },
  "subscales_summary": {
    "endusers": {
      "usability": {
        "count": 8,
        "mean": 75.0,
        "std": 15.309310892394864,
        "median": 75.0,
        "min": 53.125,
        "max": 93.75
      },
      "learnability": {
        "count": 8,
        "mean": 85.9375,
        "std": 20.526007022451157,
        "median": 87.5,
        "min": 37.5,
        "max": 100.0
      }
    },
    "technicians": {
      "usability": {
        "count": 7,
        "mean": 83.03571428571429,
        "std": 6.954358003302335,
        "median": 84.375,
        "min": 68.75,
        "max": 90.625
      },
      "learnability": {
        "count": 7,
        "mean": 73.21428571428571,
        "std": 18.298126367785,
        "median": 87.5,
        "min": 50.0,
        "max": 87.5
      }
    }
  },
  "benchmarking": {
    "participants_below_average": 4,
    "participants_above_average": 2,
    "participants_excellent": 9
  },
  "metadata": {
    "analysis_date": "2025-10-17T15:03:46.878730",
    "benchmark_thresholds": {
      "below_average": "< 68",
      "above_average": "68-80.3",
      "excellent": ">= 80.3"
    }
  }
}