{
  "summary_statistics": {
    "endusers": {
      "count": 6,
      "mean": 72.5,
      "std": 13.601470508735444,
      "median": 67.5,
      "min": 60.0,
      "max": 95.0,
      "scores": [
        60.0,
        82.5,
        65.0,
        70.0,
        62.5,
        95.0
      ]
    },
    "technicians": {
      "count": 5,
      "mean": 80.5,
      "std": 8.177713616898062,
      "median": 85.0,
      "min": 67.5,
      "max": 87.5,
      "scores": [
        85.0,
        85.0,
        87.5,
        67.5,
        77.5
      ]
    }
  },
  "subscales_summary": {
    "endusers": {
      "usability": {
        "count": 6,
        "mean": 70.3125,
        "std": 14.888911561964495,
        "median": 67.1875,
        "min": 53.125,
        "max": 93.75
      },
      "learnability": {
        "count": 6,
        "mean": 81.25,
        "std": 22.008521077073762,
        "median": 87.5,
        "min": 37.5,
        "max": 100.0
      }
    },
    "technicians": {
      "usability": {
        "count": 5,
        "mean": 81.875,
        "std": 7.460835241445826,
        "median": 84.375,
        "min": 68.75,
        "max": 87.5
      },
      "learnability": {
        "count": 5,
        "mean": 75.0,
        "std": 17.67766952966369,
        "median": 87.5,
        "min": 50.0,
        "max": 87.5
      }
    }
  },
  "benchmarking": {
    "participants_below_average": 4,
    "participants_above_average": 2,
    "participants_excellent": 5
  },
  "metadata": {
    "analysis_date": "2025-10-05T14:14:19.773338",
    "benchmark_thresholds": {
      "below_average": "< 68",
      "above_average": "68-80.3",
      "excellent": ">= 80.3"
    }
  }
}